timestamp,humidity_pct
2026-06-25T22:47:54,67
2026-06-25T22:49:43,66
2026-06-25T23:00:07,67
2026-06-26T00:38:52,65
2026-06-26T01:09:53,65
2026-06-26T02:03:56,64
2026-06-26T03:51:11,63
2026-06-26T04:59:36,62
2026-06-26T06:00:12,62
2026-06-26T07:00:35,62
2026-06-26T08:01:35,61
2026-06-26T09:00:04,62
2026-06-26T10:00:09,61
2026-06-26T11:00:08,62
2026-06-26T12:00:08,62
2026-06-26T13:02:03,63
2026-06-26T14:00:45,63
2026-06-26T15:00:06,64
2026-06-26T16:10:47,64
2026-06-26T17:00:04,63
2026-06-26T18:00:11,64
2026-06-26T19:00:07,64
2026-06-26T20:07:59,63
2026-06-26T21:00:09,63
2026-06-26T22:00:06,63
2026-06-26T23:48:22,62
2026-06-27T00:17:31,62
2026-06-27T01:12:43,62
2026-06-27T02:07:35,61
2026-06-27T03:41:30,59
2026-06-27T04:14:23,60
2026-06-27T05:00:06,61
2026-06-27T06:00:17,60
2026-06-27T07:16:22,59
2026-06-27T08:10:28,60
2026-06-27T18:00:28,57
2026-06-27T18:47:38,57
2026-06-27T19:00:03,56
2026-06-27T19:00:08,56
2026-06-27T20:09:00,57
2026-06-27T21:00:05,60
2026-06-27T22:02:30,58
2026-06-28T09:00:05,56
2026-06-28T11:00:04,55
2026-06-28T13:26:07,54
2026-06-28T14:00:18,54
2026-06-28T14:00:30,55
2026-06-28T15:00:16,55
2026-06-28T15:00:19,55
2026-06-28T16:00:24,55
2026-06-28T17:00:03,55
2026-06-28T17:00:16,55
2026-06-28T18:00:24,55
2026-06-28T18:00:31,55
2026-06-28T19:00:15,56
2026-06-28T19:00:19,56
2026-06-28T20:00:15,56
2026-06-28T20:00:19,55
2026-06-28T21:00:15,55
2026-06-28T21:00:19,55
2026-06-28T22:00:15,56
2026-06-28T22:00:19,56
2026-06-28T23:00:15,56
2026-06-28T23:00:19,56
2026-06-29T00:00:15,57
2026-06-29T00:00:19,57
2026-06-29T01:00:19,56
2026-06-29T01:00:31,55
2026-06-29T02:00:15,56
2026-06-29T02:00:19,56
2026-06-29T03:00:15,56
2026-06-29T03:00:19,56
2026-06-29T04:00:16,56
2026-06-29T04:00:19,56
2026-06-29T05:00:15,56
2026-06-29T05:00:19,56
2026-06-29T06:00:15,56
2026-06-29T06:00:19,56
2026-06-29T07:00:19,56
2026-06-29T07:00:31,56
2026-06-29T08:00:16,55
2026-06-29T08:00:20,55
2026-06-29T09:00:15,55
2026-06-29T09:00:18,55
2026-06-29T10:00:15,54
2026-06-29T10:00:19,54
2026-06-29T11:00:15,54
2026-06-29T11:00:19,54
2026-06-29T12:00:16,53
2026-06-29T12:00:20,53
2026-06-29T13:00:15,53
2026-06-29T13:00:19,53
2026-06-29T14:00:15,54
2026-06-29T14:00:18,54
2026-06-29T15:00:15,54
2026-06-29T15:00:19,54
2026-06-29T16:00:04,54
2026-06-29T16:00:16,54
2026-06-29T17:00:04,53
2026-06-29T17:00:15,53
2026-06-29T18:00:04,54
2026-06-29T18:00:16,54
2026-06-29T19:00:04,55
2026-06-29T19:00:16,54
2026-06-29T20:00:15,53
2026-06-29T20:00:19,53
2026-06-29T21:00:15,54
2026-06-29T21:00:19,54
2026-06-29T22:00:04,54
2026-06-29T22:00:15,54
2026-06-29T23:00:15,54
2026-06-29T23:00:18,54
2026-06-30T00:00:15,53
2026-06-30T00:00:19,53
2026-06-30T01:00:04,54
2026-06-30T01:00:16,54
2026-06-30T02:00:04,54
2026-06-30T02:00:15,54
2026-06-30T03:00:15,54
2026-06-30T03:00:19,54
2026-06-30T04:00:16,54
2026-06-30T04:00:20,54
2026-06-30T05:00:19,54
2026-06-30T05:00:30,54
2026-06-30T06:00:19,54
2026-06-30T06:00:31,54
2026-06-30T07:00:15,54
2026-06-30T07:00:19,54
2026-06-30T08:00:15,53
2026-06-30T08:00:19,53
2026-06-30T09:00:04,53
2026-06-30T09:00:15,53
2026-06-30T10:00:04,53
2026-06-30T10:00:16,52
2026-06-30T11:00:15,52
2026-06-30T11:00:19,52
2026-06-30T12:00:16,53
2026-06-30T12:00:19,53
2026-06-30T13:00:15,53
2026-06-30T13:00:19,53
2026-06-30T14:00:15,52
2026-06-30T14:00:19,52
2026-06-30T15:00:15,54
2026-06-30T15:00:19,54
2026-06-30T16:00:15,53
2026-06-30T16:00:19,53
2026-06-30T17:00:04,54
2026-06-30T17:00:16,53
2026-06-30T18:00:15,54
2026-06-30T18:00:18,54
2026-06-30T19:00:15,53
2026-06-30T19:00:19,54
2026-06-30T20:00:04,54
2026-06-30T20:00:16,54
2026-06-30T21:00:15,54
2026-06-30T21:00:19,54
2026-06-30T22:00:15,54
2026-06-30T22:00:19,54
2026-06-30T23:00:16,54
2026-06-30T23:00:19,54
2026-07-01T00:00:15,53
2026-07-01T00:00:19,53
2026-07-01T01:00:15,54
2026-07-01T01:00:18,54
2026-07-01T02:00:04,54
2026-07-01T02:00:16,54
2026-07-01T03:00:04,53
2026-07-01T03:00:07,53
2026-07-01T04:00:15,54
2026-07-01T04:00:19,54
2026-07-01T05:00:15,54
2026-07-01T05:00:18,54
2026-07-01T06:00:33,54
2026-07-01T06:00:45,53
2026-07-01T07:00:15,54
2026-07-01T07:00:19,54
2026-07-01T08:00:04,54
2026-07-01T08:00:16,55
2026-07-01T09:00:16,54
2026-07-01T09:00:20,54
2026-07-01T10:00:16,53
2026-07-01T10:00:19,53
2026-07-01T11:00:15,53
2026-07-01T11:00:19,53
2026-07-01T12:00:21,52
2026-07-01T12:00:33,52
2026-07-01T13:00:19,52
2026-07-01T13:00:31,51
2026-07-01T14:00:04,53
2026-07-01T14:00:16,53
2026-07-01T16:00:15,52
2026-07-01T16:00:19,53
2026-07-01T17:00:15,52
2026-07-01T17:00:19,52
2026-07-01T19:00:15,53
2026-07-01T19:00:18,53
2026-07-01T20:00:04,52
2026-07-01T20:00:16,52
2026-07-01T21:00:15,54
2026-07-01T21:00:19,54
2026-07-01T22:00:19,53
2026-07-01T22:00:30,54
2026-07-01T23:00:15,54
2026-07-01T23:00:18,54
2026-07-02T00:00:16,52
2026-07-02T00:00:19,52
2026-07-02T01:00:16,54
2026-07-02T01:00:19,54
2026-07-02T02:00:15,54
2026-07-02T02:00:19,53
2026-07-02T03:00:17,53
2026-07-02T03:00:20,53
2026-07-02T04:00:15,53
2026-07-02T04:00:19,53
2026-07-02T05:00:19,53
2026-07-02T05:00:31,53
2026-07-02T06:00:15,54
2026-07-02T06:00:19,54
2026-07-02T07:00:16,53
2026-07-02T07:00:20,53
2026-07-02T08:00:19,53
2026-07-02T08:00:31,53
2026-07-02T09:00:15,52
2026-07-02T09:00:18,52
2026-07-02T10:00:16,52
2026-07-02T10:00:19,52
2026-07-02T12:00:16,51
2026-07-02T12:00:20,52
2026-07-02T13:00:15,52
2026-07-02T13:00:19,52
2026-07-02T15:44:39,53
2026-07-02T17:43:23,52
2026-07-02T18:15:41,53
2026-07-02T20:16:22,52
2026-07-02T21:10:51,53
2026-07-02T22:00:19,52
2026-07-02T22:00:30,52
2026-07-03T00:07:48,52
2026-07-03T02:08:33,53
2026-07-03T03:44:34,53
2026-07-03T05:45:18,54
2026-07-03T07:00:05,53
2026-07-03T09:00:50,53
2026-07-03T11:02:54,53
2026-07-03T12:08:41,53
2026-07-03T14:47:05,52
2026-07-03T16:47:49,52
2026-07-03T18:48:40,52
2026-07-03T20:49:25,53
2026-07-03T21:10:51,52
2026-07-03T22:00:15,53
2026-07-03T22:00:18,53
2026-07-04T00:10:51,54
2026-07-04T02:11:36,54
2026-07-04T04:15:26,54
2026-07-04T06:17:31,55
2026-07-04T07:00:06,54
2026-07-04T09:00:53,52
2026-07-04T11:01:37,52
2026-07-04T13:03:40,53
2026-07-04T15:04:26,52
2026-07-04T17:06:32,52
2026-07-04T19:08:39,52
2026-07-04T21:10:41,53
2026-07-04T23:11:24,55
2026-07-05T01:12:10,55
2026-07-05T03:15:58,54
2026-07-05T04:21:46,55
2026-07-05T06:22:31,55
2026-07-05T07:00:01,55
2026-07-05T09:00:46,55
2026-07-05T11:01:34,54
2026-07-05T13:02:18,53
2026-07-05T15:03:08,52
2026-07-05T17:03:49,52
2026-07-05T18:25:51,53
2026-07-05T19:00:18,53
2026-07-05T19:00:29,53
2026-07-05T21:25:53,53
2026-07-05T23:26:38,53
2026-07-06T01:27:23,53
2026-07-06T03:31:15,54
2026-07-06T05:33:21,54
2026-07-06T07:00:05,53
2026-07-06T09:00:55,53
2026-07-06T11:01:40,53
2026-07-06T13:02:25,53
2026-07-06T15:03:10,55
2026-07-06T17:05:18,53
2026-07-06T19:06:03,53
2026-07-06T20:40:55,54
2026-07-06T21:00:15,53
2026-07-06T21:00:19,53
2026-07-06T23:40:52,53
2026-07-07T01:41:39,53
2026-07-07T03:45:25,53
2026-07-07T05:46:06,52
2026-07-07T07:00:05,51
2026-07-07T09:00:50,51
2026-07-07T12:40:49,50
2026-07-07T14:41:30,50
2026-07-07T16:42:13,50
2026-07-07T18:43:00,53
2026-07-07T20:43:48,50
2026-07-07T21:10:51,51
2026-07-07T22:00:15,51
2026-07-07T22:00:19,51
2026-07-08T00:10:52,52
2026-07-08T02:11:36,52
2026-07-08T04:15:59,52
2026-07-08T06:17:20,52
2026-07-08T07:00:03,52
2026-07-08T09:01:12,51
2026-07-08T11:01:34,54
2026-07-08T13:02:18,52
2026-07-08T15:03:03,50
2026-07-08T17:05:08,50
2026-07-08T19:05:51,51
2026-07-08T21:07:55,51
2026-07-08T23:08:39,51
2026-07-09T01:09:24,50
2026-07-09T03:13:14,50
2026-07-09T05:14:00,50
2026-07-09T07:00:06,50
2026-07-09T09:02:19,50
2026-07-09T11:03:06,50
2026-07-09T13:03:51,51
2026-07-09T15:04:36,52
2026-07-09T17:05:23,53
2026-07-09T18:25:51,52
2026-07-09T19:00:15,53
2026-07-09T19:00:19,53
2026-07-09T21:25:52,52
2026-07-09T23:26:34,53
2026-07-10T01:27:20,54
2026-07-10T03:31:38,54
2026-07-10T05:32:23,54
2026-07-10T07:00:04,54
2026-07-10T09:00:48,54
2026-07-10T11:02:52,54
2026-07-10T13:03:39,54
2026-07-10T15:04:23,52
2026-07-10T17:05:06,52
2026-07-10T18:25:52,51
2026-07-10T19:00:15,52
2026-07-10T19:00:18,52
2026-07-10T21:25:54,52
2026-07-10T23:26:36,53
2026-07-11T01:27:17,53
2026-07-11T03:31:36,51
2026-07-11T05:32:20,51
2026-07-11T07:00:04,51
2026-07-11T09:00:47,50
2026-07-11T13:03:42,51
2026-07-11T15:04:25,53
2026-07-11T17:05:22,51
2026-07-11T18:25:52,50
2026-07-11T19:00:18,50
2026-07-11T19:00:30,51
2026-07-11T21:25:50,52
2026-07-11T23:26:38,52
2026-07-12T01:27:21,52
2026-07-12T03:31:34,51
2026-07-12T04:53:00,51
2026-07-12T06:55:10,51
2026-07-12T07:00:03,50
2026-07-12T09:00:46,50
2026-07-12T09:01:04,50
2026-07-12T10:00:19,51
2026-07-12T10:00:31,50
2026-07-12T12:25:54,50
2026-07-12T16:27:21,51
2026-07-12T18:28:08,51
2026-07-12T20:28:55,51
2026-07-12T22:29:41,51
2026-07-13T00:30:26,51
2026-07-13T02:31:10,51
2026-07-13T04:31:55,50
2026-07-13T06:32:40,55
2026-07-13T07:00:05,51
2026-07-13T10:55:49,51
2026-07-13T12:57:54,51
2026-07-13T14:58:41,55
2026-07-13T16:59:26,51
2026-07-13T17:00:04,52
2026-07-13T17:00:08,52
2026-07-13T21:02:16,51
2026-07-13T22:00:20,50
2026-07-13T22:00:34,50
2026-07-14T00:10:48,50
2026-07-14T02:11:35,50
2026-07-14T04:12:18,53
2026-07-14T06:14:37,50
2026-07-14T07:00:04,53
2026-07-14T09:00:52,50
2026-07-14T11:01:58,49
2026-07-14T13:03:37,52
2026-07-14T15:05:42,51
2026-07-14T17:06:27,51
2026-07-14T19:07:16,54
2026-07-14T21:09:23,52
2026-07-14T22:00:04,51
2026-07-14T22:00:17,51
2026-07-15T00:09:56,50
2026-07-15T02:10:36,50
2026-07-15T04:11:21,50
2026-07-15T06:12:08,49
2026-07-15T07:00:04,49
2026-07-15T09:00:49,49
2026-07-15T11:01:34,50
2026-07-15T13:02:17,51
2026-07-15T15:04:24,50
2026-07-15T17:05:09,49
2026-07-15T19:05:54,50
2026-07-15T21:07:58,49
2026-07-15T23:08:41,49
2026-07-16T03:11:22,49
2026-07-16T05:12:06,49
2026-07-16T07:00:04,49
2026-07-16T09:02:12,50
2026-07-16T11:04:17,49
2026-07-16T13:06:22,48
2026-07-16T15:07:08,48
2026-07-16T17:07:53,48
2026-07-16T18:25:51,49
2026-07-16T19:00:15,48
2026-07-16T19:00:18,48
2026-07-16T21:25:48,49
2026-07-16T23:26:35,49
2026-07-17T01:27:20,50
2026-07-17T03:28:04,50
2026-07-17T05:28:50,50
2026-07-17T07:00:07,50
2026-07-17T09:00:51,49
2026-07-17T11:01:36,48
2026-07-17T13:03:42,49
2026-07-17T15:05:46,48
2026-07-17T17:06:30,47
2026-07-17T18:25:51,49
2026-07-17T19:00:04,49
2026-07-17T19:00:16,49
2026-07-17T21:25:50,48
2026-07-17T23:26:35,48
2026-07-18T01:28:40,48
2026-07-18T03:29:23,49
2026-07-18T05:30:10,48
2026-07-18T07:00:04,49
2026-07-18T09:00:52,49
2026-07-18T11:01:39,48
2026-07-18T13:04:00,49
2026-07-18T15:04:26,50
2026-07-18T17:06:33,49
2026-07-18T18:25:50,51
2026-07-18T19:00:05,49
2026-07-18T19:00:16,49
2026-07-18T21:25:49,50
2026-07-18T23:26:37,50
2026-07-19T01:27:22,51
2026-07-19T03:28:08,51
2026-07-19T05:30:13,50
2026-07-19T07:00:04,49
2026-07-19T08:25:38,48
2026-07-19T09:25:50,48
2026-07-19T10:00:15,48
2026-07-19T10:00:18,48
2026-07-19T12:25:49,47
2026-07-19T14:27:48,47
2026-07-19T16:29:57,46
2026-07-19T18:30:38,47
2026-07-19T20:31:28,47
2026-07-19T22:32:12,47
2026-07-20T00:32:56,47
2026-07-20T02:33:41,47
2026-07-20T04:34:26,47
2026-07-20T06:36:33,47
2026-07-20T07:00:04,47
2026-07-20T09:00:50,47
2026-07-20T10:00:15,46
2026-07-20T10:00:19,46
2026-07-20T12:25:49,46
2026-07-20T14:27:54,45
2026-07-20T16:29:58,46
2026-07-20T18:32:06,45
2026-07-20T20:32:49,49
2026-07-20T22:33:32,47
2026-07-21T00:34:21,47
2026-07-21T02:35:02,46
2026-07-21T04:35:47,46
2026-07-21T06:36:36,47
2026-07-21T07:00:04,47
2026-07-21T09:00:51,47
2026-07-21T10:00:04,47
2026-07-21T10:00:15,47
2026-07-21T12:25:51,47
2026-07-21T14:27:53,48
2026-07-21T16:28:41,48
2026-07-21T18:30:47,47
2026-07-21T20:31:32,50
2026-07-21T22:32:17,53
2026-07-22T00:33:06,51
2026-07-22T02:33:52,50
2026-07-22T04:34:36,50
2026-07-22T06:35:21,50
2026-07-22T07:00:03,50
2026-07-22T09:00:49,50
2026-07-22T10:00:15,51
2026-07-22T10:00:19,51
2026-07-22T12:25:47,50
2026-07-22T14:26:35,50
2026-07-22T16:27:19,50
2026-07-22T18:28:04,50
2026-07-22T20:28:49,52
2026-07-22T22:29:31,50
2026-07-23T00:30:17,50
2026-07-23T02:31:05,49
2026-07-23T04:31:49,49
2026-07-23T06:32:33,48
2026-07-23T07:00:04,48
2026-07-23T09:00:51,47
2026-07-23T11:01:35,47
2026-07-23T13:02:20,46
2026-07-23T15:03:07,46
2026-07-23T17:05:11,46
2026-07-23T18:40:50,46
2026-07-23T19:00:14,47
2026-07-23T19:00:18,47
2026-07-23T21:40:49,47
2026-07-23T23:41:35,47
2026-07-24T01:42:21,47
2026-07-24T03:43:06,47
2026-07-24T05:43:49,47
2026-07-24T07:00:06,47
2026-07-24T09:00:52,47
2026-07-24T11:01:38,46
2026-07-24T13:02:24,45
2026-07-24T15:04:31,45
2026-07-24T17:05:13,45
2026-07-24T18:40:50,50
2026-07-24T19:00:05,49
2026-07-24T19:00:08,49
2026-07-24T23:41:38,50
2026-07-25T01:42:24,50
2026-07-25T03:43:09,49
2026-07-25T05:43:56,49
2026-07-25T07:00:04,49
2026-07-25T09:00:46,50
2026-07-25T11:01:33,50
2026-07-25T13:02:18,49
2026-07-25T15:03:04,49
2026-07-25T17:03:48,50
2026-07-25T18:40:49,50
2026-07-25T19:00:04,50
2026-07-25T19:00:15,50
2026-07-25T21:40:48,51
2026-07-25T23:41:34,51
2026-07-26T03:06:09,50
2026-07-26T05:08:20,51
2026-07-26T07:00:04,51
2026-07-26T09:00:47,51
2026-07-26T11:01:35,51
2026-07-26T13:02:20,51
2026-07-26T14:55:50,50
2026-07-26T15:00:15,50
2026-07-26T15:00:18,50
2026-07-26T17:55:47,51
2026-07-26T19:56:34,50
2026-07-26T21:57:34,49
2026-07-26T23:58:08,50
2026-07-27T01:58:55,50
2026-07-27T03:59:40,50
2026-07-27T04:00:04,50
2026-07-27T04:00:15,50
2026-07-27T06:01:47,50
2026-07-27T07:00:04,50
2026-07-27T09:00:49,49
2026-07-27T11:01:34,49
2026-07-27T13:02:17,49
2026-07-27T14:55:50,48
2026-07-27T15:00:15,48
2026-07-27T15:00:19,48
2026-07-27T17:55:55,50
2026-07-27T19:57:57,51
2026-07-27T21:58:46,51
2026-07-27T23:59:30,51
2026-07-28T02:00:16,51
2026-07-28T02:00:34,51
2026-07-28T04:01:02,50
2026-07-28T06:03:05,50
2026-07-28T07:00:05,50
2026-07-28T09:02:10,49
2026-07-28T11:02:55,49
2026-07-28T13:04:57,49
2026-07-28T14:55:52,50
2026-07-28T15:00:18,50
2026-07-28T15:00:30,50
2026-07-28T17:55:49,50
2026-07-28T19:56:35,49
2026-07-28T21:57:20,49
2026-07-28T23:58:06,49
2026-07-29T01:58:51,49
2026-07-29T03:59:36,49
2026-07-29T04:00:03,49
2026-07-29T04:00:14,48
2026-07-29T06:00:22,49
2026-07-29T07:00:02,50
2026-07-29T09:00:49,49
2026-07-29T11:02:54,49
2026-07-29T13:05:00,49
2026-07-29T14:55:51,49
2026-07-29T15:00:14,49
2026-07-29T15:00:18,49
2026-07-29T17:55:52,49
2026-07-29T19:57:53,50
2026-07-29T21:58:36,50
2026-07-29T23:59:22,50
2026-07-30T00:00:04,50
2026-07-30T02:00:14,50
2026-07-30T04:00:54,49
2026-07-30T06:01:37,49
2026-07-30T07:00:04,48
2026-07-30T09:02:11,47
2026-07-30T11:04:18,48
2026-07-30T13:05:03,51
2026-07-30T14:55:50,49
2026-07-30T15:00:18,49
2026-07-30T15:00:30,49
2026-07-30T17:55:50,53
2026-07-30T19:56:32,51
2026-07-30T21:58:35,50
2026-07-30T23:59:22,50
2026-07-31T00:00:05,50
2026-07-31T02:00:11,50
2026-07-31T04:00:53,49
2026-07-31T06:01:35,49
2026-07-31T07:00:04,50
2026-07-31T09:00:50,48
2026-07-31T11:02:53,48
2026-07-31T13:04:57,48
2026-07-31T14:55:48,48
2026-07-31T15:00:04,48
2026-07-31T15:00:16,48
2026-07-31T17:55:50,49
2026-07-31T19:57:53,48
2026-07-31T21:58:38,49
2026-07-31T23:59:22,48
2026-08-01T02:00:10,49
2026-08-01T02:00:17,49
2026-08-01T04:00:55,49
2026-08-01T06:01:37,48
2026-08-01T07:00:07,48
2026-08-01T09:02:14,48
2026-08-01T11:03:01,48
2026-08-01T13:05:24,48
2026-08-01T14:55:52,49
2026-08-01T15:00:15,48
2026-08-01T15:00:18,48
2026-08-01T17:55:53,50
2026-08-01T19:56:37,50
2026-08-01T21:57:20,49
2026-08-01T23:59:26,49
2026-08-02T00:00:04,49
2026-08-02T00:00:15,49
2026-08-02T02:01:29,49
2026-08-02T04:02:12,49
2026-08-02T06:21:17,48
2026-08-02T07:00:06,48
2026-08-02T09:00:53,48
2026-08-02T11:03:00,49
2026-08-02T13:05:01,50
2026-08-02T14:11:46,49
2026-08-02T15:00:19,50
2026-08-02T15:00:23,49
2026-08-02T16:00:04,50
2026-08-02T16:00:16,50
2026-08-02T17:00:05,49
2026-08-02T17:00:08,49
2026-08-02T18:00:16,49
2026-08-02T18:00:19,49
2026-08-02T19:00:17,50
2026-08-02T19:00:20,50
2026-08-02T20:00:15,49
2026-08-02T20:00:19,49
2026-08-02T21:00:18,48
2026-08-02T21:00:22,48
2026-08-02T22:00:15,49
2026-08-02T22:00:19,49
2026-08-02T23:00:16,52
2026-08-02T23:00:20,52
2026-08-03T00:00:15,51
2026-08-03T00:00:19,51
2026-08-03T01:00:19,50
2026-08-03T01:00:31,50
2026-08-03T02:00:15,50
2026-08-03T02:00:19,50
2026-08-03T03:00:16,51
2026-08-03T03:00:19,51
2026-08-03T04:00:16,50
2026-08-03T04:00:19,50
2026-08-03T05:00:15,50
2026-08-03T05:00:19,50
2026-08-03T06:00:15,50
2026-08-03T06:00:19,50
2026-08-03T07:00:36,49
2026-08-03T08:00:15,49
2026-08-03T08:00:19,49
2026-08-03T09:00:15,50
2026-08-03T09:00:18,50
2026-08-03T10:00:16,49
2026-08-03T10:00:19,50
2026-08-03T12:00:17,49
2026-08-03T12:00:20,49
2026-08-03T13:00:15,49
2026-08-03T13:00:19,49
2026-08-03T14:00:15,49
2026-08-03T14:00:19,49
2026-08-03T15:00:16,50
2026-08-03T15:00:19,50
2026-08-03T16:00:05,48
2026-08-03T16:00:15,48
2026-08-03T17:00:19,49
2026-08-03T17:00:31,49
2026-08-03T18:00:19,49
2026-08-03T18:00:30,48
2026-08-03T19:00:16,48
2026-08-03T19:00:19,49
2026-08-03T20:00:15,49
2026-08-03T20:00:19,49
2026-08-03T21:00:16,49
2026-08-03T21:00:19,49
2026-08-03T22:00:15,48
2026-08-03T22:00:19,48
2026-08-03T23:00:04,48
2026-08-03T23:00:17,48
2026-08-04T00:00:16,48
2026-08-04T00:00:19,48
2026-08-04T01:00:16,48
2026-08-04T01:00:20,48
2026-08-04T02:00:16,50
2026-08-04T02:00:19,50
2026-08-04T03:00:15,50
2026-08-04T03:00:18,50
2026-08-04T04:00:19,50
2026-08-04T04:00:30,50
2026-08-04T05:00:15,50
2026-08-04T05:00:19,50
2026-08-04T06:00:04,50
2026-08-04T06:00:15,49
2026-08-04T07:00:15,49
2026-08-04T07:00:18,50
2026-08-04T08:00:16,50
2026-08-04T08:00:19,50
2026-08-04T09:00:15,49
2026-08-04T09:00:19,49
2026-08-04T10:00:16,49
2026-08-04T10:00:20,49
2026-08-04T11:00:16,48
2026-08-04T11:00:19,48
2026-08-04T12:00:20,50
2026-08-04T12:00:32,49
2026-08-04T13:00:19,49
2026-08-04T13:00:31,50
2026-08-04T14:00:04,49
2026-08-04T14:00:16,49
2026-08-04T15:00:15,48
2026-08-04T15:00:19,48
2026-08-04T16:00:16,48
2026-08-04T16:00:20,48
2026-08-04T17:00:16,49
2026-08-04T17:00:20,49
2026-08-04T18:00:15,49
2026-08-04T18:00:20,49
2026-08-04T19:00:16,49
2026-08-04T19:00:20,49
2026-08-04T20:00:15,48
2026-08-04T20:00:19,48
2026-08-04T21:00:15,48
2026-08-04T21:00:19,48
2026-08-04T22:00:15,47
2026-08-04T22:00:19,48
2026-08-04T23:00:04,48
2026-08-04T23:00:16,48
2026-08-05T00:00:15,48
2026-08-05T00:00:19,47
2026-08-05T01:00:15,48
2026-08-05T01:00:18,47
2026-08-05T02:00:15,49
2026-08-05T02:00:19,49
2026-08-05T03:00:15,49
2026-08-05T03:00:19,49
2026-08-05T04:00:15,48
2026-08-05T04:00:20,48
2026-08-05T05:00:04,49
2026-08-05T05:00:16,48
2026-08-05T06:00:14,48
2026-08-05T06:00:19,48
2026-08-05T07:00:04,47
2026-08-05T07:00:16,47
2026-08-05T08:00:04,48
2026-08-05T08:00:15,48
2026-08-05T09:00:04,47
2026-08-05T09:00:15,47
2026-08-05T10:00:15,47
2026-08-05T10:00:19,47
2026-08-05T11:00:15,47
2026-08-05T11:00:19,47
2026-08-05T12:00:16,49
2026-08-05T12:00:20,49
2026-08-05T13:00:15,47
2026-08-05T13:00:19,47
2026-08-05T14:00:15,47
2026-08-05T14:00:19,47
2026-08-05T15:00:16,48
2026-08-05T15:00:19,48
2026-08-05T16:00:15,48
2026-08-05T16:00:19,48
2026-08-05T17:00:15,48
2026-08-05T17:00:20,48
2026-08-05T18:00:16,47
2026-08-05T18:00:20,47
2026-08-05T19:00:16,47
2026-08-05T19:00:20,47
2026-08-05T20:00:16,48
2026-08-05T20:00:19,48
2026-08-05T21:00:19,47
2026-08-05T21:00:31,47
2026-08-05T22:00:16,47
2026-08-05T22:00:19,46
2026-08-05T23:00:20,46
2026-08-05T23:00:31,47
2026-08-06T00:00:15,48
2026-08-06T00:00:19,46
2026-08-06T01:00:18,46
2026-08-06T01:00:30,47
2026-08-06T02:00:15,46
2026-08-06T02:00:19,46
2026-08-06T03:00:16,46
2026-08-06T03:00:20,46
2026-08-06T04:00:15,47
2026-08-06T04:00:19,47
2026-08-06T05:00:15,46
2026-08-06T05:00:19,46
2026-08-06T06:00:15,46
2026-08-06T06:00:19,46
2026-08-06T07:00:16,47
2026-08-06T07:00:19,47
2026-08-06T08:00:16,46
2026-08-06T08:00:19,46
2026-08-06T09:00:16,46
2026-08-06T09:00:20,46
2026-08-06T10:00:15,47
2026-08-06T10:00:19,47
2026-08-06T11:00:15,46
2026-08-06T11:00:20,47
2026-08-06T12:00:15,46
2026-08-06T12:00:19,46
2026-08-06T13:00:16,47
2026-08-06T13:00:19,47
2026-08-06T14:00:19,48
2026-08-06T14:00:31,48
2026-08-06T15:00:21,52
2026-08-06T15:00:32,52
2026-08-06T16:00:19,51
2026-08-06T16:00:30,51
2026-08-06T17:00:15,54
2026-08-06T17:00:18,54
2026-08-06T18:00:07,50
2026-08-06T18:00:18,50
2026-08-06T19:00:05,50
2026-08-06T19:00:08,50
2026-08-06T20:00:19,52
2026-08-06T20:00:31,52
2026-08-06T21:00:04,53
2026-08-06T21:00:08,53
2026-08-06T22:00:15,51
2026-08-06T22:00:20,52
2026-08-06T23:00:05,51
2026-08-06T23:00:09,51
2026-08-07T00:00:16,50
2026-08-07T00:00:19,50
2026-08-07T01:00:16,49
2026-08-07T01:00:19,49
2026-08-07T02:00:04,49
2026-08-07T02:00:08,49
2026-08-07T03:00:16,49
2026-08-07T03:00:19,49
2026-08-07T04:00:06,49
2026-08-07T04:00:18,49
2026-08-07T05:00:15,48
2026-08-07T05:00:19,48
2026-08-07T06:00:15,48
2026-08-07T06:00:19,48
2026-08-07T07:00:15,48
2026-08-07T07:00:18,48
2026-08-07T08:00:04,48
2026-08-07T08:00:06,48
2026-08-07T09:00:15,47
2026-08-07T09:00:19,47
2026-08-07T10:00:15,48
2026-08-07T10:00:19,48
2026-08-07T11:00:21,48
2026-08-07T11:00:33,48
2026-08-07T12:00:05,48
2026-08-07T12:00:16,48
2026-08-07T13:00:19,48
2026-08-07T13:00:31,49
2026-08-07T14:00:17,48
2026-08-07T14:00:26,47
2026-08-07T15:00:15,48
2026-08-07T15:00:19,48
2026-08-07T16:00:06,48
2026-08-07T16:00:18,48
2026-08-07T17:00:04,48
2026-08-07T17:00:07,48
2026-08-07T18:00:04,48
2026-08-07T18:00:15,48
2026-08-07T19:00:15,47
2026-08-07T19:00:19,47
2026-08-07T20:00:04,48
2026-08-07T20:00:07,48
2026-08-07T21:00:04,49
2026-08-07T21:00:07,48
2026-08-07T22:00:15,49
2026-08-07T22:00:19,49
2026-08-07T23:00:06,49
2026-08-07T23:00:08,49
2026-08-08T00:00:04,49
2026-08-08T00:00:17,49
2026-08-08T01:00:15,49
2026-08-08T01:00:18,49
2026-08-08T02:00:05,49
2026-08-08T02:00:08,49
2026-08-08T03:00:04,49
2026-08-08T03:00:09,49
2026-08-08T04:00:06,49
2026-08-08T04:00:17,50
2026-08-08T05:00:15,49
2026-08-08T05:00:18,49
2026-08-08T06:00:07,49
2026-08-08T06:00:18,49
2026-08-08T07:00:19,49
2026-08-08T07:00:30,49
2026-08-08T08:00:15,48
2026-08-08T08:00:19,48
2026-08-08T09:00:16,49
2026-08-08T09:00:19,49
2026-08-08T10:00:04,48
2026-08-08T10:00:15,48
2026-08-08T11:00:15,48
2026-08-08T11:00:19,48
2026-08-08T12:00:15,48
2026-08-08T12:00:19,48
2026-08-08T13:00:15,47
2026-08-08T13:00:19,47
2026-08-08T14:00:19,48
2026-08-08T14:00:30,47
2026-08-08T15:00:06,47
2026-08-08T15:00:18,47
2026-08-08T16:00:18,47
2026-08-08T16:00:30,47
2026-08-08T17:00:15,47
2026-08-08T17:00:19,47
2026-08-08T18:00:04,47
2026-08-08T18:00:16,48
2026-08-08T19:00:04,47
2026-08-08T19:00:17,48
2026-08-08T20:00:04,48
2026-08-08T20:00:16,48
2026-08-08T21:00:06,49
2026-08-08T21:00:18,49
2026-08-08T22:00:04,48
2026-08-08T22:00:16,48
2026-08-08T23:00:04,48
2026-08-08T23:00:06,48
2026-08-09T00:00:15,48
2026-08-09T00:00:19,48
2026-08-09T01:00:19,47
2026-08-09T01:00:31,47
2026-08-09T02:00:04,48
2026-08-09T02:00:08,48
2026-08-09T03:00:05,47
2026-08-09T03:00:09,47
2026-08-09T04:00:04,48
2026-08-09T04:00:09,48
2026-08-09T05:00:07,48
2026-08-09T05:00:18,48
2026-08-09T06:00:15,48
2026-08-09T06:00:19,48
2026-08-09T07:00:05,48
2026-08-09T07:00:17,48
2026-08-09T08:00:05,47
2026-08-09T08:00:08,47
2026-08-09T09:00:16,46
2026-08-09T09:00:19,47
2026-08-09T10:12:41,47
2026-08-09T11:00:07,46
2026-08-09T11:00:09,46
2026-08-09T12:00:16,48
2026-08-09T12:00:19,48
2026-08-09T13:11:44,47
2026-08-09T14:03:28,48
2026-08-09T15:07:26,48
2026-08-09T16:01:42,48
2026-08-09T17:04:47,47
2026-08-09T18:40:45,47
2026-08-09T19:00:15,48
2026-08-09T19:00:19,48
2026-08-09T21:40:44,48
2026-08-09T23:41:32,48
2026-08-10T00:00:04,48
2026-08-10T02:00:42,47
2026-08-10T04:01:27,47
2026-08-10T06:02:13,47
2026-08-10T07:00:03,46
2026-08-10T09:00:49,45
2026-08-10T11:03:01,45
2026-08-10T13:03:43,45
2026-08-10T15:04:29,45
2026-08-10T17:07:50,46
2026-08-10T18:40:46,46
2026-08-10T19:00:15,46
2026-08-10T19:00:19,45
2026-08-10T23:41:32,47
2026-08-11T01:42:13,47
2026-08-11T03:44:19,47
2026-08-11T05:45:06,46
2026-08-11T07:00:10,46
2026-08-11T09:21:02,45
2026-08-11T11:21:50,46
2026-08-11T13:23:56,46
2026-08-11T15:26:00,47
2026-08-11T16:03:38,46
2026-08-11T17:00:06,45
2026-08-11T18:19:17,45
2026-08-11T19:00:16,46
2026-08-11T19:00:19,46
2026-08-11T21:16:01,46
2026-08-11T22:45:06,47
2026-08-12T00:17:13,47
2026-08-12T01:44:51,46
2026-08-12T02:47:02,47
2026-08-12T04:13:56,46
2026-08-12T05:16:59,46
2026-08-12T06:44:31,46
2026-08-12T07:00:04,46
2026-08-12T10:00:06,46
2026-08-12T11:30:58,46
2026-08-12T12:59:41,46
2026-08-12T13:00:04,46
2026-08-12T13:00:15,46
2026-08-12T14:02:15,47
2026-08-12T15:38:55,46
2026-08-12T16:51:50,46
2026-08-12T18:10:09,47
2026-08-12T19:00:04,46
2026-08-12T19:00:08,45
2026-08-12T21:15:08,45
2026-08-12T22:46:36,47
2026-08-13T00:13:58,47
2026-08-13T01:18:44,46
2026-08-13T02:43:24,46
2026-08-13T03:49:06,47
2026-08-13T04:07:33,47
2026-08-13T05:22:54,47
2026-08-13T06:39:37,47
2026-08-13T07:00:04,47
2026-08-13T08:32:32,46
2026-08-13T09:57:45,47
2026-08-13T11:03:48,53
2026-08-13T12:28:50,51
2026-08-13T13:31:49,50
2026-08-13T14:58:32,49
2026-08-13T15:00:04,49
2026-08-13T15:00:16,49
2026-08-13T17:00:46,49
2026-08-13T18:51:07,48
2026-08-13T19:00:05,47
2026-08-13T19:00:07,47
2026-08-13T21:51:07,48
2026-08-13T23:51:51,48
2026-08-14T01:52:32,49
2026-08-14T03:53:21,47
2026-08-14T05:54:06,47
2026-08-14T07:00:04,48
2026-08-14T09:00:49,47
2026-08-14T11:18:34,47
2026-08-14T13:20:40,47
2026-08-14T15:21:21,47
2026-08-14T17:22:11,48
2026-08-14T18:51:07,47
2026-08-14T19:00:06,48
2026-08-14T19:00:18,47
2026-08-14T21:51:09,48
2026-08-14T23:51:53,48
2026-08-15T01:53:59,47
2026-08-15T03:54:44,47
2026-08-15T05:55:38,47
2026-08-15T07:00:05,47
2026-08-15T09:00:48,47
2026-08-15T11:01:35,46
2026-08-15T13:02:20,46
2026-08-15T15:03:03,45
2026-08-15T17:03:47,45
2026-08-15T18:51:08,45
2026-08-15T19:00:05,45
2026-08-15T19:00:07,45
2026-08-15T21:10:58,46
2026-08-15T21:29:32,46
2026-08-15T22:10:15,46
2026-08-15T23:03:35,46
2026-08-16T00:16:17,46
2026-08-16T01:13:51,46
2026-08-16T02:48:00,46
2026-08-16T03:05:14,46
2026-08-16T04:41:02,46
2026-08-16T05:49:24,46
2026-08-16T06:17:26,46
2026-08-16T07:00:05,45
2026-08-16T08:30:28,45
2026-08-16T09:13:42,45
2026-08-16T10:45:04,45
2026-08-16T12:48:27,45
2026-08-16T14:50:30,46
2026-08-16T16:51:16,46
2026-08-16T18:51:06,46
2026-08-16T19:00:04,46
2026-08-16T19:00:07,46
2026-08-16T20:48:32,46
2026-08-16T21:33:59,46
2026-08-16T23:35:08,46
2026-08-17T01:37:14,46
2026-08-17T03:37:58,46
2026-08-17T05:38:42,46
2026-08-17T07:00:04,46
2026-08-17T09:00:46,45
2026-08-17T11:01:31,45
2026-08-17T13:02:24,45
2026-08-17T15:03:12,45
2026-08-17T16:14:10,45
2026-08-17T17:50:48,48
2026-08-17T18:51:06,46
2026-08-17T19:00:04,45
2026-08-17T19:00:08,45
2026-08-17T21:51:03,45
2026-08-18T01:54:03,45
2026-08-18T03:55:32,45
2026-08-18T05:56:20,45
2026-08-18T07:00:05,45
2026-08-18T09:00:49,45
2026-08-18T11:01:34,45
2026-08-18T13:03:37,47
2026-08-18T15:04:27,47
2026-08-18T17:05:10,47
2026-08-18T18:51:07,47
2026-08-18T19:00:16,47
2026-08-18T19:00:20,47
2026-08-18T21:51:05,48
2026-08-18T23:53:14,48
2026-08-19T01:54:00,48
2026-08-19T03:54:47,48
2026-08-19T05:55:33,48
2026-08-19T07:00:05,48
2026-08-19T09:00:49,47
2026-08-19T11:01:33,47
2026-08-19T13:02:19,47
2026-08-19T15:03:03,47
2026-08-19T17:03:50,47
2026-08-19T18:51:07,47
2026-08-19T19:00:15,47
2026-08-19T19:00:19,47
2026-08-19T21:51:03,47
2026-08-19T23:51:49,47
2026-08-20T01:52:31,48
2026-08-20T03:53:20,48
2026-08-20T05:54:04,48
2026-08-20T07:00:04,48
2026-08-20T09:02:34,47
2026-08-20T11:03:23,47
2026-08-20T13:04:10,46
2026-08-20T15:04:50,46
2026-08-20T17:05:34,47
2026-08-20T18:51:07,47
2026-08-20T19:00:43,48
2026-08-20T21:51:41,47
2026-08-20T23:51:54,48
2026-08-21T01:54:00,47
2026-08-21T03:54:45,47
2026-08-21T05:56:24,47
2026-08-21T07:00:04,47
2026-08-21T09:00:52,47
2026-08-21T11:01:38,46
2026-08-21T13:02:45,46
2026-08-21T14:16:24,45
2026-08-21T15:00:16,45
2026-08-21T15:00:20,45
2026-08-21T16:00:15,46
2026-08-21T16:00:19,46
2026-08-21T17:00:04,46
2026-08-21T17:00:08,46
2026-08-21T18:00:15,45
2026-08-21T18:00:19,45
2026-08-21T19:50:43,46
2026-08-21T21:10:36,46
2026-08-21T22:00:17,46
2026-08-21T22:00:20,46
2026-08-21T23:00:18,46
2026-08-21T23:00:20,46
2026-08-22T01:06:19,46
2026-08-22T02:26:48,46
2026-08-22T03:36:08,47
2026-08-22T04:54:54,47
2026-08-22T06:06:07,47
2026-08-22T07:00:28,47
2026-08-22T08:29:51,46
2026-08-22T09:00:15,46
2026-08-22T09:00:19,46
2026-08-22T10:00:15,46
2026-08-22T10:00:19,45
2026-08-22T11:00:16,45
2026-08-22T11:00:19,45
2026-08-22T12:00:16,45
2026-08-22T12:00:19,45
2026-08-22T13:00:16,45
2026-08-22T13:00:19,45
2026-08-22T14:00:16,45
2026-08-22T14:00:19,45
2026-08-22T15:00:31,45
2026-08-22T15:00:50,45
2026-08-22T16:00:18,45
2026-08-22T16:00:25,45
2026-08-22T18:00:05,45
2026-08-22T18:00:07,45
2026-08-22T19:00:20,45
2026-08-22T19:00:33,45
2026-08-22T20:00:04,45
2026-08-22T20:00:20,46
2026-08-22T21:01:57,46
2026-08-22T22:44:13,46
2026-08-22T23:48:25,46
2026-08-23T00:14:56,46
2026-08-23T01:47:07,46
2026-08-23T03:15:16,46
2026-08-23T04:45:38,46
2026-08-23T06:16:41,46
2026-08-23T07:00:41,46
2026-08-23T08:30:37,46
2026-08-23T08:30:43,46
2026-08-23T10:00:35,46
2026-08-23T13:31:56,45
2026-08-23T15:32:40,46
2026-08-23T17:12:41,45
2026-08-23T18:21:14,45
2026-08-23T19:00:07,45
2026-08-23T19:00:20,45
2026-08-23T20:25:30,45
2026-08-23T21:31:40,45
2026-08-23T23:06:17,46
2026-08-24T00:26:35,46
2026-08-24T01:34:29,46
2026-08-24T02:56:19,46
2026-08-24T03:00:06,46
2026-08-24T03:00:17,47
2026-08-24T04:00:15,47
2026-08-24T04:00:19,47
2026-08-24T05:00:16,47
2026-08-24T05:00:20,47
2026-08-24T06:00:16,46
2026-08-24T06:00:19,47
2026-08-24T07:00:19,46
2026-08-24T07:00:31,46
2026-08-24T09:04:18,46
2026-08-24T11:06:21,45
2026-08-24T13:07:06,45
2026-08-24T14:27:53,45
2026-08-24T16:28:38,45
2026-08-24T17:07:09,46
2026-08-24T18:38:43,45
2026-08-24T19:00:19,45
2026-08-24T19:00:30,45
2026-08-24T21:38:43,45
2026-08-24T23:40:47,45
2026-08-25T01:41:33,45
2026-08-25T03:43:14,46
2026-08-25T05:43:57,46
2026-08-25T07:00:04,46
2026-08-25T09:00:52,45
2026-08-25T11:01:39,45
2026-08-25T13:02:25,45
2026-08-25T15:03:06,45
2026-08-25T17:03:50,45
2026-08-25T18:38:43,45
2026-08-25T19:00:15,45
2026-08-25T19:00:19,45
2026-08-25T21:38:41,46
2026-08-25T23:39:31,46
2026-08-26T01:40:10,45
2026-08-26T03:41:38,46
2026-08-26T07:00:05,47
2026-08-26T09:00:48,46
2026-08-26T11:01:37,45
2026-08-26T13:02:22,46
2026-08-26T15:03:08,48
2026-08-26T17:03:53,47
2026-08-26T18:38:44,47
2026-08-26T19:00:16,47
2026-08-26T19:00:19,47
2026-08-26T21:38:38,47
2026-08-26T23:39:28,47
2026-08-27T01:40:13,47
2026-08-27T03:41:40,47
2026-08-27T05:42:22,47
2026-08-27T09:00:47,47
2026-08-27T11:01:32,47
2026-08-27T13:02:21,47
2026-08-27T15:03:09,47
2026-08-27T17:03:54,48
2026-08-27T18:38:42,48
2026-08-27T19:00:18,48
2026-08-27T19:00:30,48
2026-08-27T21:26:36,47
2026-08-27T23:28:37,47
2026-08-28T01:29:24,48
2026-08-28T03:30:41,47
2026-08-28T05:31:25,47
2026-08-28T07:00:04,47
2026-08-28T09:00:46,48
2026-08-28T11:01:34,47
2026-08-28T13:02:20,47
2026-08-28T15:03:05,47
2026-08-28T17:04:48,46
2026-08-28T19:05:35,47
2026-08-28T21:06:20,47
2026-08-28T23:07:05,47
2026-08-29T01:07:48,47
2026-08-29T03:09:09,47
2026-08-29T05:09:54,47
2026-08-29T07:00:02,47
2026-08-29T09:00:48,46
2026-08-29T11:01:33,45
2026-08-29T13:02:16,45
2026-08-29T14:08:43,45
2026-08-29T15:00:15,45
2026-08-29T15:00:19,45
2026-08-29T17:08:42,46
2026-08-29T19:09:27,45
2026-08-29T21:11:55,45
2026-08-29T23:12:17,45
2026-08-30T01:13:01,46
2026-08-30T03:22:08,45
2026-08-30T05:22:54,45
2026-08-30T07:00:04,46
2026-08-30T09:00:51,45
2026-08-30T11:01:47,45
2026-08-30T13:02:31,45
2026-08-30T15:03:20,48
2026-08-30T17:04:04,49
2026-08-30T18:38:42,52
2026-08-30T19:00:03,54
2026-08-30T19:00:08,53
2026-08-30T21:38:45,51
2026-08-30T23:39:28,51
2026-08-31T01:40:16,50
2026-08-31T03:41:24,51
2026-08-31T05:42:08,51
2026-08-31T07:00:04,51
2026-08-31T09:00:49,50
2026-08-31T11:01:39,49
2026-08-31T13:02:21,49
2026-08-31T15:03:07,49
2026-08-31T17:03:54,49
2026-08-31T18:38:42,49
2026-08-31T19:00:18,49
2026-08-31T19:00:30,49
2026-08-31T21:38:48,49
2026-08-31T23:39:32,49
2026-09-01T01:41:35,49
2026-09-01T05:43:33,49
2026-09-01T07:00:04,49
2026-09-01T09:00:49,49
2026-09-01T11:02:54,49
2026-09-01T13:03:41,48
2026-09-01T15:04:30,47
2026-09-01T17:05:17,48
2026-09-01T18:38:43,50
2026-09-01T19:00:04,50
2026-09-01T19:00:07,50
2026-09-01T21:38:42,50
2026-09-01T23:39:27,50
2026-09-02T01:40:14,50
2026-09-02T03:41:31,50
2026-09-02T05:42:15,49
2026-09-02T07:00:05,50
2026-09-02T09:00:49,50
2026-09-02T11:01:34,49
2026-09-02T13:02:19,48
2026-09-02T15:03:04,47
2026-09-02T17:03:52,47
2026-09-02T18:38:42,47
2026-09-02T19:00:06,47
2026-09-02T19:00:17,47
2026-09-02T21:38:40,47
2026-09-02T23:39:23,46
2026-09-03T01:41:29,47
2026-09-03T03:42:48,47
2026-09-03T05:43:33,46
2026-09-03T07:00:07,46
2026-09-03T09:00:52,46
2026-09-03T11:01:38,45
2026-09-03T13:02:22,45
2026-09-03T15:04:28,46
2026-09-03T17:05:13,46
2026-09-03T18:38:42,46
2026-09-03T19:00:06,46
2026-09-03T19:00:17,46
2026-09-03T21:38:37,46
2026-09-03T23:40:43,47
2026-09-04T09:00:08,48
2026-09-04T09:00:20,48
2026-09-04T10:00:15,48
2026-09-04T10:00:19,48
2026-09-04T11:03:22,48
2026-09-04T12:55:43,48
2026-09-04T13:22:43,49
2026-09-04T14:33:42,47
2026-09-04T15:57:55,48
2026-09-04T16:00:05,48
2026-09-04T16:00:08,48
2026-09-04T18:02:13,48
2026-09-04T20:03:02,47
2026-09-04T21:00:15,48
2026-09-04T21:00:19,48
